{
  "project_info": {
    "project_number": "539494553110",
    "project_id": "sytproject-c8888",
    "storage_bucket": "sytproject-c8888.appspot.com"
  },
  "client": [
    {
      "client_info": {
        "mobilesdk_app_id": "1:539494553110:android:a11e1fea49e511e9be8737",
        "android_client_info": {
          "package_name": "com.StartYourTour"
        }
      },
      "oauth_client": [
        {
          "client_id": "539494553110-6fi09vlsv8pme698bt5noou246ku1kiu.apps.googleusercontent.com",
          "client_type": 1,
          "android_info": {
            "package_name": "com.StartYourTour",
            "certificate_hash": "378b905e916ae9ec4a4a4d961aeeaa4ad85a57f6"
          }
        },
        {
          "client_id": "539494553110-dedcoa3ltp688ps16fu9cjad3ad4bs9e.apps.googleusercontent.com",
          "client_type": 3
        }
      ],
      "api_key": [
        {
          "current_key": "AIzaSyC9SrpobgXiS34Vjs6OYHiPtd2H5FrnrXg"
        }
      ],
      "services": {
        "appinvite_service": {
          "other_platform_oauth_client": [
            {
              "client_id": "539494553110-dedcoa3ltp688ps16fu9cjad3ad4bs9e.apps.googleusercontent.com",
              "client_type": 3
            }
          ]
        }
      }
    }
  ],
  "configuration_version": "1"
}